{"stats":{"minecraft:custom":{"minecraft:jump":63,"minecraft:time_since_rest":51975,"minecraft:waystone_activated":1,"minecraft:leave_game":2,"lootr:looted_stat":2,"minecraft:play_time":51975,"minecraft:sprint_one_cm":12104,"minecraft:time_since_death":51975,"minecraft:walk_one_cm":8772,"minecraft:sneak_time":68,"minecraft:total_world_time":51975,"minecraft:fly_one_cm":181045},"minecraft:picked_up":{"minecraft:wheat_seeds":1},"minecraft:used":{"minecraft:oak_leaves":2,"minecraft:bone_meal":63}},"DataVersion":3465}