{"stats":{"minecraft:used":{"minecraft:oak_leaves":2,"minecraft:bone_meal":63},"minecraft:picked_up":{"minecraft:rotten_flesh":1,"minecraft:wheat_seeds":1},"minecraft:custom":{"minecraft:jump":66,"minecraft:time_since_rest":463450,"minecraft:waystone_activated":1,"minecraft:leave_game":5,"lootr:looted_stat":2,"minecraft:play_time":463450,"minecraft:sprint_one_cm":12424,"minecraft:time_since_death":463450,"minecraft:walk_one_cm":11456,"minecraft:sneak_time":68,"minecraft:total_world_time":463450,"minecraft:fly_one_cm":187933}},"DataVersion":3465}