{"stats":{"minecraft:custom":{"minecraft:jump":64,"minecraft:time_since_rest":459628,"minecraft:waystone_activated":1,"minecraft:leave_game":4,"lootr:looted_stat":2,"minecraft:play_time":459628,"minecraft:sprint_one_cm":12236,"minecraft:time_since_death":459628,"minecraft:walk_one_cm":11003,"minecraft:sneak_time":68,"minecraft:total_world_time":459628,"minecraft:fly_one_cm":185029},"minecraft:picked_up":{"minecraft:rotten_flesh":1,"minecraft:wheat_seeds":1},"minecraft:used":{"minecraft:oak_leaves":2,"minecraft:bone_meal":63}},"DataVersion":3465}