{"stats":{"minecraft:custom":{"minecraft:jump":63,"minecraft:time_since_rest":333975,"minecraft:waystone_activated":1,"minecraft:leave_game":2,"lootr:looted_stat":2,"minecraft:play_time":333975,"minecraft:sprint_one_cm":12104,"minecraft:time_since_death":333975,"minecraft:walk_one_cm":10748,"minecraft:sneak_time":68,"minecraft:total_world_time":333975,"minecraft:fly_one_cm":181071},"minecraft:picked_up":{"minecraft:rotten_flesh":1,"minecraft:wheat_seeds":1},"minecraft:used":{"minecraft:oak_leaves":2,"minecraft:bone_meal":63}},"DataVersion":3465}